{"Llandudno General Hospital": [53.311447, -3.827714], "Powys Teaching LHB MIUs": [52.008661, -3.259053], "Cwm Taf LHB MIUs": [51.636495, -3.450172], "Morriston Hospital": [51.684662, -3.935273], "Powys Teaching LHB MIUs": [52.008661, -3.259053], "Morriston Hospital": [51.684662, -3.935273], "Cwm Taf LHB MIUs": [51.636495, -3.450172], "Llandudno General Hospital": [53.311447, -3.827714], "Betsi Cadwaladr University LHB MIUs": [53.209002, -4.15959], "Aneurin Bevan LHB MIUs": [55.865604, -3.998619], "Princess Of Wales Hospital": [51.517463, -3.571647], "Ysbyty Glan Clwyd": [53.272107, -3.495894], "Aneurin Bevan LHB MIUs": [55.865604, -3.998619], "University Hospital Of Wales": [51.507018, -3.190343], "Prince Philip Hospital": [51.691615, -4.135931], "The Royal Glamorgan Hospital": [51.546934, -3.391817], "The Royal Glamorgan Hospital": [51.546934, -3.391817], "Bronglais General Hospital": [52.416036, -4.071668], "Wrexham Maelor Hospital": [53.046918, -3.008389], "Glangwili General Hospital": [51.868218, -4.28396], "Ysbyty Gwynedd": [53.209007, -4.15982], "Hywel Dda LHB MIUs": [51.877202, -4.582024], "Ysbyty Glan Clwyd": [53.272107, -3.495894], "Prince Charles Hospital": [51.763922, -3.385956], "Royal Gwent Hospital": [51.579779, -2.994478], "Betsi Cadwaladr University LHB MIUs": [53.209002, -4.15959], "Nevill Hall Hospital": [51.825082, -3.034565], "Withybush General Hospital": [51.812668, -4.965219], "Wrexham Maelor Hospital": [53.046918, -3.008389], "University Hospital Of Wales": [51.507018, -3.190343], "Ysbyty Ystrad Fawr": [51.63363, -3.235645], "Singleton Hospital": [51.609647, -3.985408], "Prince Philip Hospital": [51.691615, -4.135931], "Nevill Hall Hospital": [51.825082, -3.034565], "Cardiff and Vale University LHB MIUs": [51.449635, -3.203941], "Cardiff and Vale University LHB MIUs": [51.449635, -3.203941], "Bronglais General Hospital": [52.416036, -4.071668], "Hywel Dda LHB MIUs": [51.877202, -4.582024], "Prince Charles Hospital": [51.763922, -3.385956], "Ysbyty Gwynedd": [53.209007, -4.15982], "Glangwili General Hospital": [51.868218, -4.28396], "Princess Of Wales Hospital": [51.517463, -3.571647], "Neath Port Talbot Hospital": [51.599336, -3.800879], "Neath Port Talbot Hospital": [51.599336, -3.800879], "Ysbyty Ystrad Fawr": [51.63363, -3.235645], "Withybush General Hospital": [51.812668, -4.965219], "Singleton Hospital": [51.609647, -3.985408], "Royal Gwent Hospital": [51.579779, -2.994478]}